<environmentvariabledefinition schemaname="new_envpar_config__GraphAppSecret">
  <description default="Service Principal Secret for Graph Api. Enter space character ( ) for none. Filled automatically.">
    <label description="Service Principal Secret for Graph Api. Enter space character ( ) for none. Filled automatically." languagecode="1033" />
  </description>
  <displayname default="envpar_config__GraphAppSecret">
    <label description="envpar_config__GraphAppSecret" languagecode="1033" />
  </displayname>
  <introducedversion>3.0.0.16</introducedversion>
  <iscustomizable>1</iscustomizable>
  <isrequired>0</isrequired>
  <type>100000000</type>
</environmentvariabledefinition>