<environmentvariabledefinition schemaname="new_envpar_config__MicrosoftAppId">
  <description default="Service Principal Id for Microsoft Marketplace Api. Enter space character ( ) for none. Filled automatically.">
    <label description="Service Principal Id for Microsoft Marketplace Api. Enter space character ( ) for none. Filled automatically." languagecode="1033" />
  </description>
  <displayname default="envpar_config__MicrosoftAppId">
    <label description="envpar_config__MicrosoftAppId" languagecode="1033" />
  </displayname>
  <introducedversion>3.0.0.21</introducedversion>
  <iscustomizable>1</iscustomizable>
  <isrequired>0</isrequired>
  <type>100000000</type>
</environmentvariabledefinition>