<environmentvariabledefinition schemaname="new_envpar_config__AdminId">
  <description default="Admin UID. Enter space character ( ) for none. Filled automatically.">
    <label description="Admin UID. Enter space character ( ) for none. Filled automatically." languagecode="1033" />
  </description>
  <displayname default="envpar_config__AdminId">
    <label description="envpar_config__AdminId" languagecode="1033" />
  </displayname>
  <introducedversion>3.0.0.23</introducedversion>
  <iscustomizable>1</iscustomizable>
  <isrequired>0</isrequired>
  <type>100000000</type>
</environmentvariabledefinition>