<environmentvariabledefinition schemaname="new_envpar_http__Flow_TriggerUri">
  <description default="This flow HTTP trigger URL. Enter space character ( ) for none. Filled automatically.">
    <label description="This flow HTTP trigger URL. Enter space character ( ) for none. Filled automatically." languagecode="1033" />
  </description>
  <displayname default="envpar_http__Flow_TriggerUri">
    <label description="envpar_http__Flow_TriggerUri" languagecode="1033" />
  </displayname>
  <introducedversion>3.0.0.11</introducedversion>
  <iscustomizable>1</iscustomizable>
  <isrequired>0</isrequired>
  <type>100000000</type>
</environmentvariabledefinition>