<environmentvariabledefinition schemaname="new_envpar_config__FacebookAppId">
  <description default="Facebook Api Id. Enter space character ( ) for none">
    <label description="Facebook Api Id. Enter space character ( ) for none" languagecode="1033" />
  </description>
  <displayname default="envpar_config__FacebookAppId">
    <label description="envpar_config__FacebookAppId" languagecode="1033" />
  </displayname>
  <introducedversion>3.0.0.21</introducedversion>
  <iscustomizable>1</iscustomizable>
  <isrequired>0</isrequired>
  <type>100000000</type>
</environmentvariabledefinition>