{"properties":{"connectionReferences":{},"definition":{"$schema":"https://schema.management.azure.com/providers/Microsoft.Logic/schemas/2016-06-01/workflowdefinition.json#","contentVersion":"1.0.0.0","parameters":{"$authentication":{"defaultValue":{},"type":"SecureObject"},"envpar_http__Stripe_Webhook":{"defaultValue":"","type":"String","metadata":{"schemaName":"new_envpar_http__Stripe_Webhook"}},"envpar_http__Flow_TriggerUri":{"defaultValue":"","type":"String","metadata":{"schemaName":"new_envpar_http__Flow_TriggerUri"}}},"triggers":{"HTTP_Webhook":{"type":"HttpWebhook","inputs":{"subscribe":{"method":"POST","uri":"@parameters('envpar_http__Flow_TriggerUri')","body":{"Cycle1GroupName":"tplparam_cyclname","MyGroupsId":"tplparam_cyclmygroupsitemid","TriggerUri":"@{listCallbackUrl()}","GroupsListId":"tplparam_cyclgroupslistitemid","FlowName":"Stripe","SubscribeOrUnsubscribe":"Subscribe"}},"unsubscribe":{"method":"POST","uri":"@parameters('envpar_http__Flow_TriggerUri')","body":{"Cycle1GroupName":"tplparam_cyclname","MyGroupsId":"tplparam_cyclmygroupsitemid","TriggerUri":"@{listCallbackUrl()}","GroupsListId":"tplparam_cyclgroupslistitemid","FlowName":"Stripe","SubscribeOrUnsubscribe":"Unsubscribe"}}}}},"actions":{"HTTP":{"runAfter":{},"type":"Http","inputs":{"method":"POST","uri":"@parameters('envpar_http__Stripe_Webhook')","body":"@addProperty(triggerBody(), 'Cycle1GroupName' , 'tplparam_cyclname')","retryPolicy":{"type":"none"}}},"Response":{"runAfter":{"HTTP":["Succeeded"]},"type":"Response","kind":"Http","inputs":{"statusCode":"@outputs('HTTP')['statusCode']","headers":"@outputs('HTTP')['headers']","body":"@body('HTTP')"}}},"outputs":{}}},"schemaVersion":"1.0.0.0"}