{
    "properties": {
        "connectionReferences": {
            "shared_sharepointonline": {
                "runtimeSource": "embedded",
                "connection": {
                    "connectionReferenceLogicalName": "new_sharedsharepointonline_9ad14"
                },
                "api": {
                    "name": "shared_sharepointonline"
                }
            }
        },
        "definition": {
            "$schema": "https://schema.management.azure.com/providers/Microsoft.Logic/schemas/2016-06-01/workflowdefinition.json#",
            "contentVersion": "1.0.0.0",
            "parameters": {
                "$connections": {
                    "defaultValue": {},
                    "type": "Object"
                },
                "$authentication": {
                    "defaultValue": {},
                    "type": "SecureObject"
                },
                "envpar_http__EventReview": {
                    "defaultValue": "",
                    "type": "String",
                    "metadata": {
                        "schemaName": "new_envpar_http__EventReview",
                        "description": "This flow HTTP trigger URL. Enter space character ( ) for none. Filled automatically."
                    }
                },
                "envpar_config__TenantName": {
                    "defaultValue": "",
                    "type": "String",
                    "metadata": {
                        "schemaName": "new_envpar_config__TenantName",
                        "description": "Required. Org Name orgname (this is the prefix of the auto assigned domain orgname.onmicrosoft.com)"
                    }
                },
                "envpar_config__CycleZeroName": {
                    "defaultValue": "",
                    "type": "String",
                    "metadata": {
                        "schemaName": "new_envpar_config__CycleZeroName",
                        "description": "Required. Could have many environments N each with its envN_cycle0 template"
                    }
                }
            },
            "triggers": {
                "When_a_file_is_created_or_modified_(properties_only)": {
                    "recurrence": {
                        "interval": 3,
                        "frequency": "Minute"
                    },
                    "splitOn": "@triggerBody()?['value']",
                    "metadata": {
                        "flowSystemMetadata": {
                            "swaggerOperationId": "GetOnUpdatedFileItems"
                        }
                    },
                    "type": "ApiConnection",
                    "inputs": {
                        "host": {
                            "connection": {
                                "name": "@parameters('$connections')['shared_sharepointonline']['connectionId']"
                            }
                        },
                        "method": "get",
                        "path": "/datasets/@{encodeURIComponent(encodeURIComponent('https://' , parameters('envpar_config__TenantName') , '.sharepoint.com/sites/', parameters('envpar_config__CycleZeroName')))}/tables/@{encodeURIComponent(encodeURIComponent('EventReview'))}/onupdatedfileitems",
                        "authentication": "@parameters('$authentication')"
                    },
                    "conditions": [
                        {
                            "expression": "@equals( triggerBody()?['{ModerationStatus}'], 'Pending' )"
                        },
                        {
                            "expression": "@not(startsWith( toLower(triggerBody()?['{Path}']), toLower('EventReview/Receipts/') ))"
                        }
                    ]
                }
            },
            "actions": {
                "HTTP": {
                    "runAfter": {},
                    "type": "Http",
                    "inputs": {
                        "method": "POST",
                        "uri": "@parameters('envpar_http__EventReview')",
                        "body": {
                            "siteName": "tplparam_cyclname",
                            "Id": "@triggerBody()?['ID']",
                            "driveId": "tplparam_cycldriveid",
                            "Cycle1GroupName": "tplparam_cyclaltname"
                        },
                        "retryPolicy": {
                            "type": "none"
                        }
                    }
                }
            }
        }
    },
    "schemaVersion": "1.0.0.0"
}